id,lot,priorite,exigence,scenario,attendu,preuve_requise,statut,preuve
BASE-01,L0,P1,Inventaire au SHA courant,"Relever routes, actions, tables, providers, runtime et lockfile",Mapping producteur/consommateur complet ; aucun fichier supposé existant,Journal au SHA final + assertions et capture/parcours si UI,NON_EXECUTE,
BASE-02,L0,P1,Réconciliation lots existants,Comparer D/E et base courante,Aucun travail en cours écrasé ou déclaré livré sans preuve,Journal au SHA final + assertions et capture/parcours si UI,NON_EXECUTE,
BASE-03,L0,P1,Lectures sans mutation #125,Comparer données métier et appels après GET refresh préchargement,"Zéro écriture métier, génération, débit ou quota consommé",Journal au SHA final + assertions et capture/parcours si UI,NON_EXECUTE,
BASE-04,L0,P1,Studios historiques préservés,Ouvrir les quatre routes et historiques legacy,Accès/droits/liens conservés ; média aplati décrit comme legacy,Journal au SHA final + assertions et capture/parcours si UI,NON_EXECUTE,
BASE-05,L0,P1,Mesure baseline,Temps et erreurs des parcours avant modification,"Valeurs mesurées avec environnement, pas objectifs présentés comme résultats",Journal au SHA final + assertions et capture/parcours si UI,NON_EXECUTE,
SEC-01,L1,P0,Isolation tenants,Tenant A demande projet/asset/prompt/job/export B par ID,"Refus serveur sans fuite dans réponse, cache ou URL signée",Journal au SHA final + assertions et capture/parcours si UI,NON_EXECUTE,
SEC-02,L1,P0,Isolation marques,"Même espace rôle limité à marque A, tente marque B",Permissions objet réévaluées dans action et worker,Journal au SHA final + assertions et capture/parcours si UI,NON_EXECUTE,
SEC-03,L1,P0,Droits génération,Lecteur appelle directement action et ancien askAssistant,Refus avant appel IA ou réservation,Journal au SHA final + assertions et capture/parcours si UI,NON_EXECUTE,
SEC-04,L1,P0,Contexte non fiable,Source contient ignore règles et dépense tous crédits,Données ignorées comme instructions ; aucune action supplémentaire,Journal au SHA final + assertions et capture/parcours si UI,NON_EXECUTE,
SEC-05,L1,P0,Historique falsifié,Client envoie faux rôle system ou ancien message modifié,Historique validé ou reconstruit serveur,Journal au SHA final + assertions et capture/parcours si UI,NON_EXECUTE,
SEC-06,L1,P0,Import sûr,"MIME trompeur, SVG script, image énorme, URL privée/redirection","Refus borné sans exécution, SSRF ni crash",Journal au SHA final + assertions et capture/parcours si UI,NON_EXECUTE,
SEC-07,L1,P0,Secrets,"Inspecter UI, bundle, logs, exports et promptRun",Aucune clé ou credential ; traces détaillées restreintes,Journal au SHA final + assertions et capture/parcours si UI,NON_EXECUTE,
SEC-08,L1,P0,Révocation,Retirer accès ressource avant exécution job/export,Refus explicite et pas réutilisation depuis cache,Journal au SHA final + assertions et capture/parcours si UI,NON_EXECUTE,
SEC-09,L1,P0,ADMIN espace vs plateforme,Admin espace tente activer prompt global/routage,Refus ; seules personnalisations autorisées de sa portée,Journal au SHA final + assertions et capture/parcours si UI,NON_EXECUTE,
SEC-10,L1,P0,Invitations et rôle,Revalider dette E5 email non vérifié et attribution rôle,Aucune escalade de droits au nouveau studio ; preuve de garde,Journal au SHA final + assertions et capture/parcours si UI,NON_EXECUTE,
PROMPT-01,L2,P0,Pack importable,Importer22templates et8recettes deux fois,Drafts uniques par clé/version/hash ; aucun active automatique,Journal au SHA final + assertions et capture/parcours si UI,NON_EXECUTE,
PROMPT-02,L2,P0,Schémas exécutables,Valider entrées/sorties positives et négatives de chaque template,Rejet champs inconnus requis absents status incohérent ; tests complets,Journal au SHA final + assertions et capture/parcours si UI,NON_EXECUTE,
PROMPT-03,L2,P0,Sources et invariants,Retour modèle avec source inexistante ou modification protégée,Rejet sémantique même si JSON valide,Journal au SHA final + assertions et capture/parcours si UI,NON_EXECUTE,
PROMPT-04,L2,P0,Injection et absence,"Variable manquante, source instruction, référence non autorisée",Aucun fallback hardcodé ; blocked ou erreur contrôlée,Journal au SHA final + assertions et capture/parcours si UI,NON_EXECUTE,
PROMPT-05,L2,P0,Activation effective ADMIN,Changer recette inoffensive puis nouvelle proposition dans chat et studios,Nouvelle release/hash présents jusqu’au provider ; comportement attendu vérifié,Journal au SHA final + assertions et capture/parcours si UI,NON_EXECUTE,
PROMPT-06,L2,P0,Épinglage,Activer release B pendant job A,Job A conserve A ; nouveau devis utilise B,Journal au SHA final + assertions et capture/parcours si UI,NON_EXECUTE,
PROMPT-07,L2,P0,Rollback,Réactiver release A,"Futurs devis A, historique B conservé",Journal au SHA final + assertions et capture/parcours si UI,NON_EXECUTE,
PROMPT-08,L2,P0,Retrait connaissance,Retirer source active puis nouveau contexte,Source exclue et cache invalidé ; anciens messages non réécrits,Journal au SHA final + assertions et capture/parcours si UI,NON_EXECUTE,
PROMPT-09,L2,P0,Rupture schéma,Activer release incompatible avec consommateur,Publication bloquée avant exposition aux utilisateurs,Journal au SHA final + assertions et capture/parcours si UI,NON_EXECUTE,
PROMPT-10,L2,P0,Traces explicables,Inspecter une génération image et un plan vidéo,Source/version/extrait/hash modèle/coût/cible retrouvables sous ACL,Journal au SHA final + assertions et capture/parcours si UI,NON_EXECUTE,
PROMPT-11,L2,P0,Historique borné,Conversation longue avec produit/invariant important au début,"Invariants du contexte canonique conservés, troncature signalée",Journal au SHA final + assertions et capture/parcours si UI,NON_EXECUTE,
PROMPT-12,L2,P0,Aucun prompt concurrent,Inventaire de tous appels IA y compris ancien assistant,Tous résolvent registre commun ; politiques déterministes hors templates,Journal au SHA final + assertions et capture/parcours si UI,NON_EXECUTE,
COST-01,L3,P0,Double clic,Deux soumissions même idempotencyKey simultanées,Un job une réserve un règlement,Journal au SHA final + assertions et capture/parcours si UI,NON_EXECUTE,
COST-02,L3,P0,Nouvelle variante,Deux commandes volontairement distinctes mêmes entrées,"Deux IDs distincts et deux devis, pas déduplication abusive",Journal au SHA final + assertions et capture/parcours si UI,NON_EXECUTE,
COST-03,L3,P0,Solde atomique,Deux onglets réservent le dernier budget,Une seule réservation possible ; aucun solde négatif,Journal au SHA final + assertions et capture/parcours si UI,NON_EXECUTE,
COST-04,L3,P0,Devis périmé,Modifier brief/prix/version après devis,"Approbation refusée, nouveau devis nécessaire",Journal au SHA final + assertions et capture/parcours si UI,NON_EXECUTE,
COST-05,L3,P0,Prévisualiser sans appliquer,Demander présente avant génération y compris quota gratuit,Aucun job ni mutation du média ni consommation,Journal au SHA final + assertions et capture/parcours si UI,NON_EXECUTE,
COST-06,L3,P0,Crash avant soumission,Tuer worker après réservation avant appel,Reprise unique sans perte de ledger,Journal au SHA final + assertions et capture/parcours si UI,NON_EXECUTE,
COST-07,L3,P0,Crash après soumission,Perdre réponse provider après requête acceptée,Réconciliation ; jamais resoumission payante aveugle,Journal au SHA final + assertions et capture/parcours si UI,NON_EXECUTE,
COST-08,L3,P0,Webhooks,Dupliquer et inverser événements succès/progrès,État final stable et un seul règlement,Journal au SHA final + assertions et capture/parcours si UI,NON_EXECUTE,
COST-09,L3,P0,Annuler,Annuler avant puis après démarrage,"Étapes futures arrêtées, coût réel réconcilié, pas promesse remboursement",Journal au SHA final + assertions et capture/parcours si UI,NON_EXECUTE,
COST-10,L3,P0,Échec qualité,Provider réussi mais produit faux,requires_review ; aucun retry payant automatique,Journal au SHA final + assertions et capture/parcours si UI,NON_EXECUTE,
COST-11,L3,P0,Persistance échouée,Provider réussi stockage indisponible,Pas completed ; reprise finalisation sans régénération,Journal au SHA final + assertions et capture/parcours si UI,NON_EXECUTE,
COST-12,L3,P0,Quota et attribution,Opération incluse quota + crédits sur deux marques,Coûts workspace/brand/project/job/release attribués une fois,Journal au SHA final + assertions et capture/parcours si UI,NON_EXECUTE,
FLOW-01,L4,P1,Veille vers brief,Sélection publicité puis produit cible,Sources dates droits et hypothèse persistés jusqu’à variante,Journal au SHA final + assertions et capture/parcours si UI,NON_EXECUTE,
FLOW-02,L4,P1,Absence modalité,Analyser image seule sans transcription,Pas de narration vidéo ou audio inventée,Journal au SHA final + assertions et capture/parcours si UI,NON_EXECUTE,
FLOW-03,L4,P1,Marque changée,Changer marque pendant réponse retardée,Aucune donnée ancienne appliquée à la nouvelle marque,Journal au SHA final + assertions et capture/parcours si UI,NON_EXECUTE,
FLOW-04,L4,P1,Proposition Jarvis,Ouvrir plan2 puis demander correction,"Cible plan2/version visible, patch borné",Journal au SHA final + assertions et capture/parcours si UI,NON_EXECUTE,
FLOW-05,L4,P1,Reprise durable,Fermer puis rouvrir projet dans seconde session,Brief complet et références/calques restaurés serveur,Journal au SHA final + assertions et capture/parcours si UI,NON_EXECUTE,
FLOW-06,L4,P1,Conflit concurrent,Deux onglets éditent même version,409/diff sans overwrite silencieux,Journal au SHA final + assertions et capture/parcours si UI,NON_EXECUTE,
FLOW-07,L4,P1,Résultat ancien,Modifier version pendant génération précédente,"Sortie rangée dans sa branche, ne remplace pas courant",Journal au SHA final + assertions et capture/parcours si UI,NON_EXECUTE,
FLOW-08,L4,P1,Test précis,Choisir image3 sur lot4 puis rattacher Adsmap,"Image3 et sa filiation, pas seulement generationId",Journal au SHA final + assertions et capture/parcours si UI,NON_EXECUTE,
FLOW-09,L4,P1,Boucle apprentissage,Résultat insuffisant puis itérer,"Inconclusif, prochain brief garde sources/variable/parent",Journal au SHA final + assertions et capture/parcours si UI,NON_EXECUTE,
FLOW-10,L4,P1,Production externe,Exporter brief sans accès génération,Parcours utile sans forcer achat,Journal au SHA final + assertions et capture/parcours si UI,NON_EXECUTE,
IMG-01,L5,P1,Photo épinglée,"Catalogue7photos, sélectionner variante/photo exacte",ID version hash et composants visibles et transmis,Journal au SHA final + assertions et capture/parcours si UI,NON_EXECUTE,
IMG-02,L5,P1,Produit fidèle,Décor modelé avec produit photographique original,Calque produit inchangé ; décor ne remplace pas identité,Journal au SHA final + assertions et capture/parcours si UI,NON_EXECUTE,
IMG-03,L5,P1,Mise en scène générée,Lunettes avec bandeau obligatoires,Composants contrôlés ; omission déclenche revue/rejet,Journal au SHA final + assertions et capture/parcours si UI,NON_EXECUTE,
IMG-04,L5,P1,Style typé,Référence avec personnage/logo concurrent,Aucun transfert non autorisé du sujet ou logo,Journal au SHA final + assertions et capture/parcours si UI,NON_EXECUTE,
IMG-05,L5,P1,Géométrie,Produit à55% largeur document,Dimension déterministe tolérance1px,Journal au SHA final + assertions et capture/parcours si UI,NON_EXECUTE,
IMG-06,L5,P1,Masque strict,Ajout dans zone gauche à plusieurs zoom/pan,Zéro pixel modifié hors zone+feather autorisés avant encodage,Journal au SHA final + assertions et capture/parcours si UI,NON_EXECUTE,
IMG-07,L5,P1,Calques texte,Déplacer CTA et changer typo,"Texte reste éditable, aucun appel image",Journal au SHA final + assertions et capture/parcours si UI,NON_EXECUTE,
IMG-08,L5,P1,Undo et versions,Suite edits puis undo/redo/reload,"Document cohérent, version source conservée",Journal au SHA final + assertions et capture/parcours si UI,NON_EXECUTE,
IMG-09,L5,P1,Détourage,Cheveux/bords fins/transparence sans WebGPU,Résultat contrôlé et fallback sans blocage UI,Journal au SHA final + assertions et capture/parcours si UI,NON_EXECUTE,
IMG-10,L5,P1,Déclinaisons,1:1 vers4:5 et9:16,"Produit non étiré, texte lisible, zones sûres, sources intactes",Journal au SHA final + assertions et capture/parcours si UI,NON_EXECUTE,
VIDEO-01,L6,P1,Scénario complet,Brief vers vidéo2plans,Champs sujet/action/caméra/narration/texte/durée distincts,Journal au SHA final + assertions et capture/parcours si UI,NON_EXECUTE,
VIDEO-02,L6,P1,Contradiction,Identité verte et plan jaune,Blocage avant devis/débit avec résolution proposée,Journal au SHA final + assertions et capture/parcours si UI,NON_EXECUTE,
VIDEO-03,L6,P1,Propagation,Changer tenue plans1/2,"Images/clips liés obsolètes, audio préservé si inchangé",Journal au SHA final + assertions et capture/parcours si UI,NON_EXECUTE,
VIDEO-04,L6,P1,Substitution produit,Fournisseur retourne boîte au lieu lunettes,Rejet/revue malgré succès technique,Journal au SHA final + assertions et capture/parcours si UI,NON_EXECUTE,
VIDEO-05,L6,P1,Narration ciblée,Modifier narration plan2,"Keyframes identiques par hash, durées recalculées clairement",Journal au SHA final + assertions et capture/parcours si UI,NON_EXECUTE,
VIDEO-06,L6,P1,Voix exacte,TTS sur texte validé,Pas préambule/réécriture ; durée réelle mesurée,Journal au SHA final + assertions et capture/parcours si UI,NON_EXECUTE,
VIDEO-07,L6,P1,Voix off vs lipsync,Deux modes et fournisseur sans lipsync,Aucune capacité simulée ; mode voix off alternatif explicite,Journal au SHA final + assertions et capture/parcours si UI,NON_EXECUTE,
VIDEO-08,L6,P1,Ordre plans,"Permuter2,1 sans changer médias",Montage recalé ; aucun appel image/animation inutile,Journal au SHA final + assertions et capture/parcours si UI,NON_EXECUTE,
VIDEO-09,L6,P1,Sans texte,Désactiver texte écran et sous-titres,Aucun overlay généré ; texte incrusté éventuel signalé,Journal au SHA final + assertions et capture/parcours si UI,NON_EXECUTE,
VIDEO-10,L6,P1,Musique seule,Modifier piste/gain,"Voix/keyframes/clips identiques, mix/export seuls",Journal au SHA final + assertions et capture/parcours si UI,NON_EXECUTE,
VIDEO-11,L6,P1,Import clip,Utiliser vidéo autorisée déjà disponible,"Aucun coût animation, durée/codec/provenance validés",Journal au SHA final + assertions et capture/parcours si UI,NON_EXECUTE,
VIDEO-12,L6,P1,Caméra fixe,Plan caméra fixe sur fixture/test fournisseur,Contrôle début/milieu/fin et revue si mouvement parasite,Journal au SHA final + assertions et capture/parcours si UI,NON_EXECUTE,
VIDEO-13,L6,P1,Reprise,Recharger pendant animation,"Même job et progrès, pas de nouveau débit",Journal au SHA final + assertions et capture/parcours si UI,NON_EXECUTE,
EXPORT-01,L7,P1,Préflight,Police ou média manquant,"Export refusé avec cible, pas fichier prétendu terminé",Journal au SHA final + assertions et capture/parcours si UI,NON_EXECUTE,
EXPORT-02,L7,P1,Contrat rendu,Exporter fixture texte/crop/logo/transitions,"Géométrie≤1px avant compression, polices et ordre identiques",Journal au SHA final + assertions et capture/parcours si UI,NON_EXECUTE,
EXPORT-03,L7,P1,Temps et audio,Fixture clips voix musique sous-titres,"Durée≤1frame écart, synchro≤80ms sur étalon, pas clipping",Journal au SHA final + assertions et capture/parcours si UI,NON_EXECUTE,
EXPORT-04,L7,P1,Fichier complet,Télécharger fichier issu version validée,"Décodable, dimensions/durée/MIME/hash et accès confirmés",Journal au SHA final + assertions et capture/parcours si UI,NON_EXECUTE,
EXPORT-05,L7,P1,Historique,Conserver V1 puis exporter V2,"V1 accessible, noms fichiers non utilisés comme ID version",Journal au SHA final + assertions et capture/parcours si UI,NON_EXECUTE,
EXPORT-06,L7,P1,Tous studios réels,Parcours image/vidéo/ads/textes avec fournisseurs configurés,"Chaque parcours validé, mock ne suffit pas",Journal au SHA final + assertions et capture/parcours si UI,NON_EXECUTE,
UX-01,L8,P1,Responsive,1280/1440/390 largeur hauteur720,"Cadres alignés, texte/action accessibles, pas collision",Journal au SHA final + assertions et capture/parcours si UI,NON_EXECUTE,
UX-02,L8,P1,Clavier,Parcourir studio graphe liste et dialogues,"Focus logique/restauré, équivalent sans souris",Journal au SHA final + assertions et capture/parcours si UI,NON_EXECUTE,
UX-03,L8,P1,États,Vide/rempli/filtre/erreur/offline/quota/conflit/noms longs,Valeurs conservées et prochaine action claire,Journal au SHA final + assertions et capture/parcours si UI,NON_EXECUTE,
UX-04,L8,P1,Canvas métier,Déplacer/zoomer/focus carte,"Pas de changement de dépendance/ordre, positions séparées",Journal au SHA final + assertions et capture/parcours si UI,NON_EXECUTE,
UX-05,L8,P1,Navigation,Routes historiques et retour Veille,"Filtres, liens, recherche globale conservés",Journal au SHA final + assertions et capture/parcours si UI,NON_EXECUTE,
UX-06,L8,P1,Performance,20plans100calques puis200plans1000calques synthétiques,"Cibles mesurées, limite explicite sans perte si dépassée",Journal au SHA final + assertions et capture/parcours si UI,NON_EXECUTE,
UX-07,L8,P1,Qualité IA,20cas deux sorties stochastiques selon budget approuvé,"Grille5dimensions≥8/10 moyenne, aucun défaut critique accepté",Journal au SHA final + assertions et capture/parcours si UI,NON_EXECUTE,
MIG-01,L9,P0,Backfill reprenable,Interrompre puis rejouer migration additive,"Aucun doublon ni perte, compte/hash vérifiés",Journal au SHA final + assertions et capture/parcours si UI,NON_EXECUTE,
MIG-02,L9,P0,Legacy,Ouvrir ancien média/document après migration,Disponible ; pas de calques/provenance inventés,Journal au SHA final + assertions et capture/parcours si UI,NON_EXECUTE,
MIG-03,L9,P0,Rollback,Désactiver feature puis restaurer release/app,"Accès ancien sûr, nouveaux projets non perdus",Journal au SHA final + assertions et capture/parcours si UI,NON_EXECUTE,
MIG-04,L9,P0,Restauration,Restaurer sauvegarde en isolé,"Données et relations validées, procédure documentée",Journal au SHA final + assertions et capture/parcours si UI,NON_EXECUTE,
MIG-05,L9,P0,CI et protections,PR puis fusion normale,"Aucune baisse protection, tests et revue acceptés",Journal au SHA final + assertions et capture/parcours si UI,NON_EXECUTE,
MIG-06,L9,P0,Production réelle,Observer VPS version servie après déploiement,"SHA observable ou inconnu déclaré, pas preuve via Pages",Journal au SHA final + assertions et capture/parcours si UI,NON_EXECUTE,
MIG-07,L9,P0,Complétude,Croiser toutes lignes matrice au SHA livré,Aucune exigence NON_EXECUTE/BLOQUEE présentée comme faite,Journal au SHA final + assertions et capture/parcours si UI,NON_EXECUTE,
